Frame,Time,PELO_X,PELO_Y,PELO_Z,PELP_X,PELP_Y,PELP_Z,LKJC_X,LKJC_Y,LKJC_Z,LHJC_X,LHJC_Y,LHJC_Z,LAJC_X,LAJC_Y,LAJC_Z,RHJC_X,RHJC_Y,RHJC_Z,RKJC_X,RKJC_Y,RKJC_Z,RAJC_X,RAJC_Y,RAJC_Z,LTOO_X,LTOO_Y,LTOO_Z,RTOO_X,RTOO_Y,RTOO_Z,TRXO_X,TRXO_Y,TRXO_Z,TRXP_X,TRXP_Y,TRXP_Z
29,0.29,209.285980224609,-1381.31726074219,967.445434570312,210.254806518555,-1345.77990722656,1097.95837402344,130.82080078125,-1265.92260742188,544.613464355469,141.692031860352,-1383.28576660156,968.689331054688,166.150848388672,-1242.18566894531,110.807167053223,276.8798828125,-1379.34826660156,966.201293945312,260.257263183594,-1524.72143554688,545.377807617188,253.357528686523,-1849.17346191406,300.466186523438,152.740158081055,-1088.36315917969,70.873649597168,267.663635253906,-1808.65124511719,143.42170715332,182.103591918945,-1255.54736328125,1504.68884277344,193.794311523438,-1277.27770996094,1339.5830078125
30,0.3,208.662261962891,-1355.92687988281,955.423706054688,210.562652587891,-1322.4833984375,1086.47863769531,132.35498046875,-1238.13256835938,535.574584960938,141.061111450195,-1357.35681152344,956.974060058594,169.695129394531,-1243.31384277344,105.535568237305,276.263366699219,-1354.49658203125,953.873107910156,262.904541015625,-1488.603515625,531.127197265625,255.358703613281,-1817.04528808594,301.116333007812,157.102005004883,-1088.30541992188,70.18408203125,274.93212890625,-1778.96105957031,144.029937744141,181.256561279297,-1230.20361328125,1492.55944824219,193.942520141602,-1252.333984375,1327.11560058594
31,0.31,208.069259643555,-1331.19763183594,944.427429199219,210.771179199219,-1299.32275390625,1075.85864257812,133.685958862305,-1212.20825195312,526.992431640625,140.466293334961,-1332.13586425781,946.249389648438,172.581832885742,-1244.34252929688,101.283958435059,275.672241210938,-1330.25891113281,942.605224609375,265.699188232422,-1451.81848144531,518.179870605469,257.256011962891,-1783.11901855469,300.90771484375,160.654281616211,-1088.49426269531,69.5829925537109,281.650909423828,-1746.69165039062,144.103240966797,180.694686889648,-1204.9990234375,1481.39270019531,194.169784545898,-1227.64099121094,1315.62048339844
32,0.32,207.502182006836,-1307.12634277344,934.446411132812,210.888107299805,-1276.30603027344,1066.11303710938,134.809036254883,-1188.16540527344,518.872863769531,139.901275634766,-1307.6201171875,936.504699707031,174.854415893555,-1245.10632324219,97.9622192382812,275.103057861328,-1306.63208007812,932.387878417969,268.628112792969,-1414.35205078125,506.542449951172,259.046264648438,-1747.38903808594,299.840606689453,163.444610595703,-1088.69213867188,68.9738616943359,287.826354980469,-1711.84497070312,143.578002929688,180.416763305664,-1179.93249511719,1471.20068359375,194.476226806641,-1203.1943359375,1305.10693359375
33,0.33,206.958129882812,-1283.69360351562,925.494934082031,210.919158935547,-1253.43395996094,1057.27563476562,135.716354370117,-1166.04077148438,511.2333984375,139.361862182617,-1283.79077148438,927.753173828125,176.57942199707,-1245.51281738281,95.4556274414062,274.554351806641,-1283.59594726562,923.236450195312,271.655731201172,-1376.17846679688,496.251007080078,260.723541259766,-1709.85864257812,297.910675048828,165.558929443359,-1088.7392578125,68.3168563842773,293.467132568359,-1674.4375,142.402191162109,180.420043945312,-1155.00378417969,1462.013671875,194.862640380859,-1178.98681640625,1295.60510253906
34,0.34,206.437408447266,-1260.8564453125,917.6162109375,210.867813110352,-1230.69775390625,1049.40502929688,136.398773193359,-1145.88220214844,504.108673095703,138.847076416016,-1260.60668945312,920.035339355469,177.82356262207,-1245.54663085938,93.6496276855469,274.027648925781,-1261.10583496094,915.196838378906,274.718536376953,-1337.2685546875,487.380584716797,262.27880859375,-1670.55053710938,295.113616943359,167.103042602539,-1088.56567382812,67.6118850708008,298.580718994141,-1634.50854492188,140.540634155273,180.699127197266,-1130.21142578125,1453.88537597656,195.330383300781,-1155.00402832031,1287.171875
35,0.35,205.943267822266,-1238.54248046875,910.881103515625,210.734085083008,-1208.076171875,1042.58654785156,136.849197387695,-1127.72131347656,497.5556640625,138.359024047852,-1237.99816894531,913.417785644531,178.640533447266,-1245.24523925781,92.4539184570312,273.527496337891,-1239.08654785156,908.344177246094,277.726959228516,-1297.60998535156,480.043975830078,263.700134277344,-1629.51953125,291.455535888672,168.188125610352,-1088.17016601562,66.8788375854492,303.171142578125,-1592.11840820312,137.986129760742,181.245269775391,-1105.54968261719,1446.89392089844,195.88151550293,-1131.22045898438,1279.89221191406
36,0.36,205.480255126953,-1216.64782714844,905.3798828125,210.513366699219,-1185.53442382812,1036.92492675781,137.065658569336,-1111.53833007812,491.658630371094,137.900924682617,-1215.865234375,907.984924316406,179.069458007812,-1244.66845703125,91.8190155029297,273.059509277344,-1217.43029785156,902.774658203125,280.575714111328,-1257.23657226562,474.381500244141,264.973236083984,-1586.86047363281,286.966400146484,168.920532226562,-1087.59033203125,66.1409606933594,307.234222412109,-1547.34948730469,134.773849487305,182.046524047852,-1081.00817871094,1441.13537597656,196.519088745117,-1107.59875488281,1273.8720703125
37,0.37,205.051696777344,-1195.041015625,901.209167480469,210.196594238281,-1163.0263671875,1032.53344726562,137.054046630859,-1097.23876953125,486.529724121094,137.475158691406,-1194.07946777344,903.826965332031,179.139678955078,-1243.86999511719,91.739990234375,272.628143310547,-1196.00256347656,898.591125488281,283.156707763672,-1216.25329589844,470.54248046875,266.079406738281,-1542.70275878906,281.705902099609,169.393218994141,-1086.87451171875,65.4100494384766,310.75732421875,-1500.3017578125,130.98860168457,183.088577270508,-1056.56872558594,1436.71179199219,197.247406005859,-1084.08605957031,1269.22399902344
38,0.38,204.657363891602,-1173.57043457031,898.456787109375,209.770324707031,-1140.49499511719,1029.51904296875,136.829940795898,-1084.64440917969,482.304534912109,137.080749511719,-1172.490234375,901.025756835938,178.87629699707,-1242.87268066406,92.2457275390625,272.233947753906,-1174.65014648438,895.887817382812,285.371124267578,-1174.84899902344,468.661712646484,266.993377685547,-1497.20056152344,275.758270263672,169.678787231445,-1086.05700683594,64.6751937866211,313.723937988281,-1451.09167480469,126.76197052002,184.355987548828,-1032.20593261719,1433.71643066406,198.072967529297,-1060.61889648438,1266.0498046875
39,0.39,204.292175292969,-1152.07336425781,897.188781738281,209.218780517578,-1117.87329101562,1027.96936035156,136.420532226562,-1073.50842285156,479.12841796875,136.712280273438,-1150.93334960938,899.642028808594,178.302276611328,-1241.65600585938,93.3802871704102,271.8720703125,-1153.21337890625,894.735229492188,287.139526367188,-1133.29675292969,468.833282470703,267.683746337891,-1450.51379394531,269.220062255859,169.826293945312,-1085.1474609375,63.8988075256348,316.120758056641,-1399.85021972656,122.261711120605,185.833297729492,-1007.88806152344,1432.2216796875,199.003143310547,-1037.12670898438,1264.4267578125
40,0.4,203.947128295898,-1130.39111328125,897.436584472656,208.526489257812,-1095.09020996094,1027.93676757812,135.864349365234,-1063.54528808594,477.139312744141,136.36083984375,-1129.24340820312,899.703796386719,177.437622070312,-1240.15185546875,95.1834945678711,271.533355712891,-1131.53881835938,895.169067382812,288.407989501953,-1091.93579101562,471.084136962891,268.117248535156,-1402.78784179688,262.181671142578,169.861572265625,-1084.12622070312,63.0199394226074,317.944213867188,-1346.7236328125,117.669456481934,187.505340576172,-983.578186035156,1432.2666015625,200.045440673828,-1013.5380859375,1264.39526367188
41,0.41,203.612335205078,-1108.37744140625,899.190673828125,207.681854248047,-1072.07104492188,1029.431640625,135.207946777344,-1054.4677734375,476.451110839844,136.01725769043,-1107.26440429688,901.198913574219,176.298217773438,-1238.25451660156,97.6788024902344,271.207336425781,-1109.49047851562,897.182189941406,289.151123046875,-1051.14721679688,475.352386474609,268.266815185547,-1354.13659667969,254.715438842773,169.790832519531,-1082.95434570312,61.9657745361328,319.197906494141,-1291.86962890625,113.157821655273,189.356582641602,-959.239196777344,1433.84985351562,201.204345703125,-989.788757324219,1265.95275878906
42,0.42,203.28044128418,-1085.90905761719,902.396484375,206.680816650391,-1048.74377441406,1032.41430664062,134.499099731445,-1046.01379394531,477.140228271484,135.675277709961,-1084.85949707031,904.071533203125,174.896789550781,-1235.83154296875,100.868385314941,270.885559082031,-1086.95825195312,900.721374511719,289.374053955078,-1011.32165527344,481.474243164062,268.119842529297,-1304.63195800781,246.875274658203,169.604446411133,-1081.58679199219,60.6630821228027,319.880249023438,-1235.45300292969,108.872245788574,191.369934082031,-934.836120605469,1436.92443847656,202.479507446289,-965.826293945312,1269.04943847656
43,0.43,202.950378417969,-1062.8916015625,906.95556640625,205.530288696289,-1025.04260253906,1036.794921875,133.778610229492,-1037.9619140625,479.237945556641,135.335189819336,-1061.91906738281,908.22265625,173.246200561523,-1232.73864746094,104.735618591309,270.565521240234,-1063.8642578125,905.688293457031,289.111541748047,-972.82666015625,489.186096191406,267.682098388672,-1254.30346679688,238.708358764648,169.279663085938,-1079.98681640625,59.0511856079102,319.967468261719,-1177.63684082031,104.924385070801,193.525344848633,-910.340637207031,1441.39733886719,203.863464355469,-941.614685058594,1273.59020996094
44,0.44,202.628631591797,-1039.26538085938,912.728515625,204.249389648438,-1000.91528320312,1042.43603515625,133.073944091797,-1030.134765625,482.728179931641,135.005142211914,-1038.36511230469,913.5146484375,171.364349365234,-1228.83422851562,109.250625610352,270.252075195312,-1040.16564941406,911.942138671875,288.426605224609,-935.977355957031,498.140167236328,266.976440429688,-1203.1474609375,230.273208618164,168.782669067383,-1078.138671875,57.0962562561035,319.403594970703,-1118.57556152344,101.398490905762,195.79833984375,-885.732849121094,1447.126953125,205.339324951172,-917.134521484375,1279.43151855469
45,0.45,202.329010009766,-1015.00476074219,919.541625976562,202.86994934082,-976.324829101562,1049.16052246094,132.396881103516,-1022.39025878906,487.55029296875,134.700698852539,-1014.154296875,919.777587890625,169.279251098633,-1223.99340820312,114.377754211426,269.957244873047,-1015.85516357422,919.305480957031,287.406860351562,-901.011840820312,507.932189941406,266.036285400391,-1151.14697265625,221.657821655273,168.071548461914,-1076.05407714844,54.8091773986816,318.100219726562,-1058.416015625,98.3695220947266,198.159729003906,-861.00244140625,1453.93115234375,206.880630493164,-892.381958007812,1286.38989257812
46,0.46,202.070190429688,-990.119079589844,927.194091796875,201.433929443359,-951.253967285156,1056.75695800781,131.746398925781,-1014.60955810547,493.604949951172,134.442398071289,-989.278747558594,926.817565917969,167.034164428711,-1218.12377929688,120.083473205566,269.697906494141,-990.95947265625,927.570617675781,286.157867431641,-868.070129394531,518.135070800781,264.895660400391,-1098.29956054688,212.990814208984,167.103393554688,-1073.77282714844,52.2704811096191,315.950103759766,-997.308227539062,95.927131652832,200.575546264648,-836.149658203125,1461.58959960938,208.451965332031,-867.3671875,1294.24389648438
47,0.47,201.871383666992,-964.649597167969,935.466369628906,199.989562988281,-925.706298828125,1064.99377441406,131.115188598633,-1006.67846679688,500.761199951172,134.251113891602,-963.764953613281,934.425537109375,164.691711425781,-1211.18237304688,126.343070983887,269.491577148438,-965.534240722656,936.506896972656,284.792907714844,-837.178833007812,528.332946777344,263.578857421875,-1044.64562988281,204.441818237305,165.846099853516,-1071.34826660156,49.6553840637207,312.849517822266,-935.430541992188,94.1960678100586,203.008178710938,-811.184387207031,1469.8544921875,210.011596679688,-842.111511230469,1302.74438476562
48,0.48,201.747695922852,-938.6650390625,944.126892089844,198.58642578125,-899.706665039062,1073.62487792969,130.497589111328,-998.470092773438,508.861480712891,134.143402099609,-937.670837402344,942.385131835938,162.335739135742,-1203.18811035156,133.14485168457,269.351989746094,-939.658996582031,945.868347167969,283.417999267578,-808.240661621094,538.15087890625,262.091003417969,-990.2900390625,196.209289550781,164.294952392578,-1068.8251953125,47.2455101013184,308.731567382812,-873.017150878906,93.3433685302734,205.418472290039,-786.124572753906,1478.46179199219,211.514862060547,-816.645935058594,1311.625
49,0.49,201.704986572266,-912.255554199219,952.941101074219,197.270645141602,-873.29931640625,1082.40234375,129.896469116211,-989.825927734375,517.724060058594,134.125930786133,-911.080688476562,950.480773925781,160.068145751953,-1194.22619628906,140.489181518555,269.284027099609,-913.430236816406,955.401550292969,282.115142822266,-781.034240722656,547.276611328125,260.411956787109,-935.40966796875,188.50341796875,162.490676879883,-1066.20141601562,45.4117469787598,303.601470947266,-810.386535644531,93.5637054443359,207.768157958984,-760.993469238281,1487.14367675781,212.918167114258,-791.007751464844,1320.61364746094
50,0.5,201.737091064453,-885.525817871094,961.678344726562,196.080444335938,-846.545959472656,1091.08483886719,129.32682800293,-980.542114257812,527.140380859375,134.192657470703,-884.09814453125,958.503601074219,157.998886108398,-1184.43859863281,148.381469726562,269.281433105469,-886.953247070312,964.852783203125,280.925842285156,-755.226989746094,555.473449707031,258.493255615234,-880.25390625,181.531219482422,160.527450561523,-1063.39770507812,44.5616226196289,297.569976806641,-747.95703125,95.0428085327148,210.022766113281,-735.817932128906,1495.64147949219,214.183654785156,-765.23974609375,1329.44616699219
51,0.51,201.824417114258,-858.586547851562,970.116638183594,195.043548583984,-819.522399902344,1099.44372558594,128.817123413086,-970.361694335938,536.870483398438,134.323196411133,-856.838195800781,966.257263183594,156.227523803711,-1174.00036621094,156.821258544922,269.325592041016,-860.334777832031,973.975769042969,279.84228515625,-730.402954101562,562.583557128906,256.261474609375,-825.146301269531,175.488830566406,158.537536621094,-1060.24926757812,45.0571441650391,290.869079589844,-686.2470703125,97.9067306518555,212.154006958008,-710.624450683594,1503.71740722656,215.2822265625,-739.38720703125,1337.87683105469
52,0.52,201.936477661133,-831.545837402344,978.049499511719,194.177017211914,-792.313415527344,1107.27038574219,128.408828735352,-958.983459472656,546.6376953125,134.485092163086,-829.417419433594,973.561218261719,154.821701049805,-1163.09338378906,165.793716430664,269.387847900391,-833.673950195312,982.537719726562,278.810485839844,-706.102661132812,568.525268554688,253.630752563477,-770.49462890625,170.553268432617,156.652618408203,-1056.541015625,47.138256072998,283.843444824219,-625.856140136719,102.167694091797,214.141510009766,-685.43896484375,1511.16577148438,216.195266723633,-713.496459960938,1345.69018554688
53,0.53,202.035781860352,-804.500610351562,985.289733886719,193.487152099609,-765.009033203125,1114.38195800781,128.154724121094,-946.087219238281,556.132263183594,134.637939453125,-801.945495605469,980.25341796875,153.79963684082,-1151.87976074219,175.264739990234,269.433624267578,-807.055603027344,990.326110839844,277.750793457031,-681.873046875,573.285583496094,250.527740478516,-716.806030273438,166.863128662109,154.957443237305,-1052.06420898438,50.8807716369629,276.912048339844,-567.436706542969,107.682525634766,215.973648071289,-660.283020019531,1517.81726074219,216.914886474609,-687.612060546875,1352.70458984375
54,0.54,202.083435058594,-777.530395507812,991.672668457031,192.971252441406,-737.698791503906,1120.62170410156,128.113845825195,-931.374816894531,565.025207519531,134.739242553711,-774.516845703125,986.191650390625,153.124374389648,-1140.4814453125,185.181030273438,269.427612304688,-780.543701171875,997.153686523438,276.590301513672,-657.320495605469,576.909973144531,246.92301940918,-664.685974121094,164.484130859375,153.460693359375,-1046.66687011719,56.2057647705078,270.510986328125,-511.657470703125,114.129539489746,217.647186279297,-635.173706054688,1523.54223632812,217.443588256836,-661.774536132812,1358.77746582031
55,0.55,202.044845581055,-750.691467285156,997.058532714844,192.618988037109,-710.466125488281,1125.86279296875,128.341415405273,-914.61181640625,572.993713378906,134.750579833984,-747.204956054688,991.25390625,152.708740234375,-1128.95886230469,195.469116210938,269.339019775391,-754.177978515625,1002.86291503906,275.296447753906,-632.164489746094,579.485595703125,242.854690551758,-614.810913085938,163.370101928711,152.090118408203,-1040.26831054688,62.919059753418,265.030120849609,-459.170379638672,121.015022277832,219.165863037109,-610.1220703125,1528.25061035156,217.791625976562,-636.017150878906,1363.80505371094
56,0.56,201.893798828125,-724.015869140625,1001.33374023438,192.413040161133,-683.384521484375,1130.00646972656,128.875350952148,-895.660095214844,579.749755859375,134.642303466797,-720.059143066406,995.338073730469,152.428482055664,-1117.29284667969,206.03385925293,269.145263671875,-727.972534179688,1007.32897949219,273.892608642578,-606.282531738281,581.119384765625,238.430633544922,-567.871154785156,163.337112426758,150.714691162109,-1032.84448242188,70.7511825561523,260.754028320312,-410.574829101562,127.711059570312,220.538482666016,-585.134582519531,1531.88354492188,217.975372314453,-610.366577148438,1367.71606445312
57,0.57,201.615478515625,-697.511047363281,1004.41119384766,192.330947875977,-656.512817382812,1132.98181152344,129.722885131836,-874.492065429688,585.064453125,134.396820068359,-693.105041503906,998.361267089844,152.139526367188,-1105.37438964844,216.754745483398,268.834136962891,-701.917114257812,1010.46099853516,272.441711425781,-579.728881835938,581.910522460938,233.807418823242,-524.498474121094,164.064514160156,149.17936706543,-1024.39770507812,79.3869094848633,257.815155029297,-366.382995605469,133.522644042969,221.77668762207,-560.212280273438,1534.41076660156,218.014038085938,-584.839111328125,1370.46948242188
58,0.58,201.207000732422,-671.164489746094,1006.23010253906,192.345016479492,-629.893493652344,1134.7431640625,130.851943969727,-851.180053710938,588.777587890625,134.009506225586,-666.347412109375,1000.25866699219,151.696304321289,-1093.00561523438,227.482971191406,268.404449462891,-675.981567382812,1012.20141601562,271.004943847656,-552.709228515625,581.928649902344,229.1572265625,-485.199890136719,165.126098632812,147.337585449219,-1014.92596435547,88.4849319458008,256.16357421875,-326.984069824219,137.774536132812,222.893081665039,-535.352722167969,1535.818359375,217.928482055664,-559.441711425781,1372.04431152344
59,0.59,200.67626953125,-644.949584960938,1006.75402832031,192.42333984375,-603.551696777344,1135.26684570312,132.189727783203,-825.869689941406,590.794189453125,133.48779296875,-639.776550292969,1000.98217773438,150.969024658203,-1079.92004394531,238.043701171875,267.864685058594,-650.122619628906,1012.52581787109,269.606048583984,-525.512268066406,581.201721191406,224.636749267578,-450.310150146484,166.045669555664,145.072174072266,-1004.39831542969,97.6955642700195,255.563888549805,-292.609252929688,139.899475097656,223.899200439453,-510.550323486328,1536.10485839844,217.737915039062,-534.171752929688,1372.43481445312
60,0.6,200.040466308594,-618.833312988281,1005.96893310547,192.530609130859,-577.496643066406,1134.54711914062,133.628570556641,-798.743774414062,591.071350097656,132.849334716797,-613.374572753906,1000.49877929688,149.857650756836,-1065.81286621094,248.243621826172,267.231536865234,-624.291809082031,1011.43896484375,268.229095458984,-498.432006835938,579.716979980469,220.367553710938,-419.975372314453,166.362930297852,142.302352905273,-992.744445800781,106.681587219238,255.626373291016,-263.304901123047,139.514114379883,224.80451965332,-485.798461914062,1535.2744140625,217.458847045898,-509.018524169922,1371.64465332031
61,0.61,199.32373046875,-592.783874511719,1003.88195800781,192.629745483398,-551.724365234375,1132.59387207031,135.036407470703,-769.99169921875,589.604064941406,132.119567871094,-587.123291015625,998.789978027344,148.301193237305,-1050.38110351562,257.885345458984,266.52783203125,-598.444213867188,1008.97344970703,266.846221923828,-471.716156005859,577.427673339844,216.427307128906,-394.170104980469,165.695419311523,138.982513427734,-979.854370117188,115.144226074219,255.869155883789,-238.92805480957,136.473266601562,225.615509033203,-461.088775634766,1533.33276367188,217.103591918945,-483.964447021484,1369.68176269531
62,0.62,198.554763793945,-566.778686523438,1000.51904296875,192.683883666992,-526.221862792969,1129.43041992188,136.268966674805,-739.78955078125,586.416442871094,131.329025268555,-561.010131835938,995.851379394531,146.280548095703,-1033.3583984375,266.785491943359,265.780517578125,-572.546997070312,1005.18676757812,265.447570800781,-445.543975830078,574.266357421875,212.847717285156,-372.735931396484,163.785903930664,135.099533081055,-965.58837890625,122.847709655762,255.801834106445,-219.167846679688,130.899993896484,226.335067749023,-436.412933349609,1530.28869628906,216.679214477539,-458.989715576172,1366.55920410156
63,0.63,197.765106201172,-540.810180664062,995.926330566406,192.658157348633,-500.972442626953,1125.09411621094,137.182281494141,-708.290832519531,581.559204101562,130.511260986328,-535.033569335938,991.693908691406,143.816207885742,-1014.53790283203,274.790222167969,265.018981933594,-546.586486816406,1000.15856933594,264.053436279297,-420.024139404297,570.162780761719,209.617370605469,-355.423858642578,160.532363891602,130.667083740234,-949.788024902344,129.633636474609,255.014266967773,-203.587753295898,123.187805175781,226.962387084961,-411.762298583984,1526.154296875,216.18766784668,-434.074798583984,1362.29418945312
64,0.64,196.986923217773,-514.890502929688,990.169372558594,192.522598266602,-475.960479736328,1119.63757324219,137.643646240234,-675.626525878906,575.114379882812,129.700576782227,-509.206787109375,986.347839355469,140.963088989258,-993.781860351562,281.787139892578,264.273284912109,-520.574035644531,993.990661621094,262.703430175781,-395.194641113281,565.067260742188,206.691192626953,-341.926452636719,155.999816894531,125.724403381348,-932.285278320312,135.425064086914,253.250839233398,-191.676193237305,113.967010498047,227.492691040039,-387.128234863281,1520.9521484375,215.625076293945,-409.205535888672,1356.91381835938
65,0.65,196.251892089844,-489.053955078125,983.336242675781,192.253799438477,-451.176483154297,1113.13134765625,137.542282104492,-641.907958984375,567.202392578125,128.930801391602,-483.559265136719,979.866333007812,137.80256652832,-971.013977050781,287.708068847656,263.572998046875,-494.548645019531,986.80615234375,261.431213378906,-371.028167724609,558.9736328125,204.007446289062,-331.894317626953,150.413772583008,120.334167480469,-912.90966796875,140.213470458984,250.452514648438,-182.893692016602,104.030860900879,227.917388916016,-362.502166748047,1514.72143554688,214.983551025391,-384.375549316406,1350.4619140625
66,0.66,195.590301513672,-463.357055664062,975.541931152344,191.837661743164,-426.620727539062,1105.671875,136.799942016602,-607.229431152344,557.991333007812,128.234420776367,-458.136627197266,972.332580566406,134.432830810547,-946.205261230469,292.526153564453,262.946105957031,-468.577362060547,978.751281738281,260.240753173828,-347.446929931641,551.936340332031,201.511291503906,-324.936126708984,144.134918212891,114.582969665527,-891.491271972656,144.039566040039,246.758865356445,-176.708953857422,94.224479675293,228.224136352539,-337.875793457031,1507.52575683594,214.252426147461,-359.58984375,1343.005859375
67,0.67,195.030090332031,-437.874328613281,966.93115234375,191.270782470703,-402.304046630859,1097.38464355469,135.381240844727,-571.670593261719,547.704345703125,127.641799926758,-432.997497558594,963.865661621094,130.958099365234,-919.353698730469,296.245788574219,262.418395996094,-442.751007080078,969.996459960938,259.099304199219,-324.355438232422,544.077819824219,199.178665161133,-320.606689453125,137.616409301758,108.579315185547,-867.866455078125,146.967071533203,242.470703125,-172.620071411133,85.3147048950195,228.397323608398,-313.240966796875,1499.462890625,213.420150756836,-334.864349365234,1334.64770507812
68,0.68,194.596176147461,-412.692230224609,957.68212890625,190.562057495117,-378.247222900391,1088.42907714844,133.301727294922,-535.295349121094,536.623657226562,127.180160522461,-408.207702636719,954.626342773438,127.477989196777,-890.468322753906,298.891448974609,262.012115478516,-417.176635742188,960.73779296875,257.956665039062,-301.683166503906,535.584899902344,197.031967163086,-318.386901855469,131.344329833984,102.450981140137,-841.883605957031,149.061340332031,237.9873046875,-170.156997680664,77.8630447387695,228.418487548828,-288.590454101562,1490.66784667969,212.476898193359,-310.225952148438,1325.52722167969
69,0.69,194.30827331543,-387.899017333984,948.009094238281,189.732635498047,-354.476928710938,1079.00329589844,130.630996704102,-498.150634765625,525.089538574219,126.87190246582,-383.832244873047,944.821166992188,124.079002380371,-859.559387207031,300.498382568359,261.744598388672,-391.965667724609,951.196716308594,256.781372070312,-279.425415039062,526.697692871094,195.135757446289,-317.677917480469,125.766578674316,96.3405990600586,-813.411926269531,150.375503540039,233.730682373047,-168.868865966797,72.1382675170898,228.267639160156,-263.917846679688,1481.31909179688,211.418563842773,-285.708435058594,1315.83032226562
70,0.7,194.178329467773,-363.572448730469,938.16015625,188.815383911133,-331.018646240234,1069.34301757812,127.488616943359,-460.264465332031,513.492065429688,126.731246948242,-359.924926757812,934.702758789062,120.829399108887,-826.636657714844,301.104370117188,261.625335693359,-367.219879150391,941.617553710938,255.594009399414,-257.668701171875,517.689025878906,193.570220947266,-317.837738037109,121.223602294922,90.3967208862305,-782.346984863281,150.943908691406,230.067520141602,-168.317367553711,68.1077575683594,227.924774169922,-239.218002319336,1471.63793945312,210.247924804688,-261.347778320312,1305.78796386719
71,0.71,194.207122802734,-339.767883300781,928.413452148438,187.853103637695,-307.888397216797,1059.71752929688,124.03199005127,-421.645812988281,502.255493164062,126.76082611084,-336.518615722656,924.565490722656,117.779113769531,-791.713073730469,300.743194580078,261.653350830078,-343.017028808594,932.261108398438,254.478103637695,-236.596008300781,508.838775634766,192.399795532227,-318.273681640625,117.905448913574,84.7604293823242,-748.612060546875,150.783294677734,227.242874145508,-168.105377197266,65.5113983154297,227.371963500977,-214.487396240234,1461.88427734375,208.977661132812,-237.175201416016,1295.67333984375
72,0.72,194.381546020508,-316.507537841797,919.065551757812,186.895141601562,-285.084716796875,1050.42004394531,120.438446044922,-382.291351318359,491.817657470703,126.948204040527,-313.616546630859,914.7353515625,114.96378326416,-754.811401367188,299.439453125,261.814849853516,-319.398529052734,923.395446777344,253.563522338867,-216.470474243164,500.401794433594,191.662307739258,-318.542572021484,115.850540161133,79.5507888793945,-712.160949707031,149.897659301758,225.346450805664,-167.930923461914,63.9736442565918,226.595352172852,-189.723846435547,1452.34606933594,207.631317138672,-213.211578369141,1285.79113769531
73,0.73,194.673858642578,-293.773681640625,910.418884277344,185.993698120117,-262.58203125,1041.7548828125,116.885581970215,-342.199554443359,482.605346679688,127.264633178711,-291.186584472656,905.554138183594,112.411056518555,-715.973266601562,297.207214355469,262.083068847656,-296.360778808594,915.283508300781,252.990249633789,-197.594650268555,492.584136962891,191.37841796875,-318.396209716797,114.980857849121,74.8555145263672,-672.980590820312,148.287368774414,224.322326660156,-167.618988037109,63.1096343994141,225.587783813477,-164.926467895508,1443.330078125,206.241363525391,-189.461090087891,1276.46618652344
74,0.74,195.043533325195,-271.505889892578,902.763549804688,185.200073242188,-240.328186035156,1034.02099609375,113.534271240234,-301.393463134766,475.010406494141,127.666648864746,-269.159637451172,897.358276367188,110.147651672363,-675.265747070312,294.053588867188,262.420349121094,-273.852172851562,908.168640136719,252.865875244141,-180.240814208984,485.538909912109,191.560409545898,-317.760772705078,115.154731750488,70.7290573120117,-631.093627929688,145.962768554688,224.01057434082,-167.113250732422,62.599925994873,224.349822998047,-140.095092773438,1435.142578125,204.846099853516,-165.905136108398,1268.02185058594
75,0.75,195.442474365234,-249.603454589844,896.358947753906,184.560119628906,-218.245239257812,1027.4912109375,110.517372131348,-259.945373535156,469.366729736328,128.101440429688,-247.432388305664,890.456481933594,108.205451965332,-632.78369140625,289.986022949219,262.783447265625,-251.774459838867,902.261352539062,253.229080200195,-164.565841674805,479.38818359375,192.207092285156,-316.675720214844,116.213890075684,67.1965026855469,-586.556640625,142.958053588867,224.202972412109,-166.438858032227,62.2245750427246,222.890579223633,-115.230010986328,1428.07604980469,203.483276367188,-142.500350952148,1260.76306152344
76,0.76,195.82177734375,-227.931610107422,891.418090820312,184.111297607422,-196.233093261719,1022.39715576172,107.933944702148,-217.995681762695,465.930786132812,128.514205932617,-225.873779296875,885.107604980469,106.624443054199,-588.645568847656,285.019592285156,263.129302978516,-229.989395141602,897.728332519531,254.02734375,-150.552062988281,474.251495361328,193.290084838867,-315.221038818359,118.008796691895,64.2615814208984,-539.461120605469,139.341247558594,224.695541381836,-165.652969360352,61.8591079711914,221.226226806641,-90.3315277099609,1422.38952636719,202.182098388672,-119.176933288574,1254.95275878906
77,0.77,196.138366699219,-206.333145141602,888.09423828125,183.878829956055,-174.175918579102,1018.91119384766,105.847770690918,-175.762512207031,464.865325927734,128.855819702148,-204.336029052734,881.503479003906,105.451324462891,-542.9833984375,279.181762695312,263.420837402344,-208.330215454102,894.684753417969,255.117736816406,-138.02001953125,470.255218505859,194.749404907227,-313.465240478516,120.40535736084,61.9149322509766,-489.933776855469,135.215682983398,225.32112121582,-164.805953979492,61.4521484375,219.3779296875,-65.3996124267578,1418.29602050781,200.9560546875,-95.842414855957,1250.796875
78,0.78,196.359313964844,-184.641311645508,886.475830078125,183.873092651367,-151.948745727539,1017.13854980469,104.288307189941,-133.538681030273,466.226531982422,129.08854675293,-182.666778564453,879.759216308594,104.734893798828,-495.929443359375,272.513092041016,263.630004882812,-186.615859985352,893.192260742188,256.293029785156,-126.701759338379,467.520446777344,196.505386352539,-311.443115234375,123.28539276123,60.1420669555664,-438.134948730469,130.713363647461,225.962326049805,-163.922805786133,60.9978866577148,217.369674682617,-40.4334716796875,1415.95007324219,199.799041748047,-72.3878479003906,1248.43347167969
79,0.79,196.462768554688,-162.694396972656,886.585510253906,184.088119506836,-129.425552368164,1017.11328125,103.253448486328,-91.6757202148438,469.954864501953,129.187759399414,-160.721969604492,879.910949707031,104.519409179688,-447.601379394531,265.066925048828,263.737701416016,-164.666793823242,893.260070800781,257.329681396484,-116.321464538574,466.146911621094,198.478164672852,-309.151702880859,126.550201416016,58.9289054870605,-384.254608154297,125.982124328613,226.550994873047,-162.999862670898,60.5104064941406,215.226196289062,-15.4314699172974,1415.44262695312,198.687072753906,-48.7003517150879,1247.92980957031
80,0.8,196.434967041016,-140.347579956055,888.385437011719,184.501678466797,-106.486625671387,1018.80200195312,102.713356018066,-50.5571784973145,475.871643066406,129.13932800293,-138.375839233398,881.921997070312,104.837821960449,-398.091430664062,256.909698486328,263.730560302734,-142.319320678711,894.848510742188,258.039703369141,-106.637977600098,466.204406738281,200.602478027344,-306.550109863281,130.12727355957,58.2676010131836,-328.500762939453,121.173713684082,227.060729980469,-162.008773803711,60.0027122497559,212.972244262695,9.60860347747803,1416.79772949219,197.58528137207,-24.6747817993164,1249.28552246094
81,0.81,196.265716552734,-117.482460021973,891.784057617188,185.077545166016,-83.0271453857422,1022.11096191406,102.615493774414,-10.5672483444214,483.684783935547,128.934783935547,-115.527931213379,885.693603515625,105.705863952637,-347.460174560547,248.124755859375,263.596557617188,-119.436958312988,897.874450683594,258.311157226562,-97.4529418945312,467.729797363281,202.831680297852,-303.557189941406,133.975402832031,58.1621589660645,-271.085418701172,116.434257507324,227.497161865234,-160.901443481445,59.4728012084961,210.631805419922,34.6893692016602,1419.97534179688,196.45783996582,-0.227413177490234,1252.43969726562
82,0.82,195.944152832031,-94.0124816894531,896.648071289062,185.769592285156,-58.9635276794434,1026.89990234375,102.890243530273,27.9400634765625,493.0068359375,128.566772460938,-92.1067352294922,891.078552246094,107.118141174316,-295.737640380859,238.819442749023,263.321533203125,-95.9182357788086,902.217346191406,258.128479003906,-88.6063232421875,470.724822998047,205.133087158203,-300.049438476562,138.084503173828,58.6328468322754,-212.209930419922,111.901390075684,227.88996887207,-159.616088867188,58.8993186950684,208.227981567383,59.8138961791992,1424.87231445312,195.278457641602,24.6950073242188,1257.27795410156
83,0.83,195.457672119141,-69.885871887207,902.810424804688,186.527282714844,-34.2394409179688,1032.9912109375,103.456245422363,64.6678085327148,503.384704589844,128.026947021484,-68.0707397460938,897.894287109375,109.046577453613,-242.932357788086,229.132675170898,262.888336181641,-71.7010040283203,907.726440429688,257.570922851562,-79.9761657714844,475.154388427734,207.481353759766,-295.865875244141,142.471130371094,59.7173271179199,-152.059066772461,107.70548248291,228.286468505859,-158.085693359375,58.2484321594238,205.782669067383,84.9857559204102,1431.32836914062,194.036834716797,50.1108627319336,1263.64050292969
84,0.84,194.793380737305,-45.0855522155762,910.080810546875,187.300827026367,-8.828857421875,1040.18383789062,104.225067138672,99.3979339599609,514.338012695312,127.307472229004,-43.4076385498047,905.933349609375,111.44108581543,-189.048370361328,219.240814208984,262.279266357422,-46.7634658813477,914.227905273438,256.789733886719,-71.4831848144531,480.950500488281,209.854522705078,-290.824981689453,147.172241210938,61.4669570922852,-90.8035659790039,103.97395324707,228.745239257812,-156.249267578125,57.4938545227051,203.316146850586,110.208915710449,1439.13439941406,192.739227294922,76.0018615722656,1271.33032226562
85,0.85,193.943267822266,-19.6275520324707,918.251708984375,188.046859741211,17.262638092041,1048.25854492188,105.10570526123,132.008224487305,525.39892578125,126.40535736084,-18.1325550079346,914.97119140625,114.232032775879,-134.106262207031,209.356307983398,261.481140136719,-21.1225490570068,921.531982421875,255.969848632812,-63.0863151550293,488.020751953125,212.232086181641,-284.751708984375,152.238403320312,63.934928894043,-28.6097621917725,100.836288452148,229.327423095703,-154.062225341797,56.6470565795898,200.846710205078,135.487335205078,1448.03796386719,191.403564453125,102.319076538086,1280.11682128906
86,0.86,192.910079956055,6.44272708892822,927.105163574219,188.731842041016,43.9994888305664,1056.98779296875,106.010070800781,162.484924316406,536.148193359375,125.328300476074,7.71509838104248,924.770385742188,117.333938598633,-78.1641082763672,199.718673706055,260.491790771484,5.17035436630249,929.440002441406,255.286865234375,-54.7541046142578,496.257629394531,214.593078613281,-277.506652832031,157.727798461914,67.1582641601562,34.3474540710449,98.4297103881836,230.086654663086,-151.498062133789,55.7891731262207,198.390167236328,160.824081420898,1457.75744628906,190.053009033203,128.990112304688,1289.74548339844
87,0.87,191.713256835938,33.0557670593262,936.417663574219,189.334548950195,71.3194580078125,1066.13928222656,106.860954284668,190.930068969727,546.241333007812,124.100067138672,34.0757942199707,935.084289550781,120.649299621582,-21.3321475982666,190.577926635742,259.326446533203,32.0357398986816,937.750854492188,254.874237060547,-46.4135551452637,505.538818359375,216.913360595703,-269.010070800781,163.699447631836,71.1374130249023,97.8700408935547,96.9012908935547,231.057769775391,-148.536636352539,55.0910491943359,195.959594726562,186.220611572266,1467.99243164062,188.709548950195,155.927352905273,1299.94152832031
88,0.88,190.392486572266,60.1243743896484,945.963134765625,189.846801757812,99.138427734375,1075.48181152344,107.602432250977,217.560287475586,555.421813964844,122.763298034668,60.875114440918,945.65966796875,124.072769165039,36.2214736938477,182.175994873047,258.021667480469,59.3736190795898,946.266357421875,254.807205200195,-37.8995590209961,515.714965820312,219.163803100586,-259.254425048828,170.204772949219,75.8186874389648,161.722702026367,96.403678894043,232.246963500977,-145.141189575195,54.8067893981934,193.565383911133,211.675994873047,1478.43676757812,187.391754150391,183.037551879883,1310.42016601562
89,0.89,189.007614135742,87.5505599975586,955.517700195312,190.27262878418,127.355773925781,1084.79040527344,108.209686279297,242.694442749023,563.520080566406,121.379104614258,88.0294570922852,956.240051269531,127.497406005859,94.2726211547852,174.731704711914,256.636047363281,87.0716247558594,954.795104980469,255.096969604492,-28.9304237365723,526.588317871094,221.311767578125,-248.300811767578,177.276596069336,81.0840911865234,225.6201171875,97.0815582275391,233.629211425781,-141.233474731445,55.2332954406738,191.215026855469,237.186492919922,1488.79443359375,186.113510131836,210.228622436523,1320.89721679688
90,0.9,187.635147094727,115.232902526855,964.86376953125,190.6259765625,155.860610961914,1093.85168457031,108.693313598633,266.729705810547,570.443969726562,120.023017883301,115.45223236084,966.570861816406,130.824295043945,152.544677734375,168.433532714844,255.247268676758,115.013542175293,963.156372070312,255.687957763672,-19.1220722198486,537.894409179688,223.326705932617,-236.265274047852,184.920532226562,86.7510375976562,289.217651367188,99.0509033203125,235.154098510742,-136.686416625977,56.6479568481445,188.913665771484,262.745544433594,1498.79077148438,184.887008666992,237.415878295898,1331.09997558594
91,0.91,186.361526489258,143.073623657227,973.793640136719,190.928131103516,184.537399291992,1102.46911621094,109.093055725098,290.109649658203,576.164672851562,118.777923583984,143.059783935547,976.405578613281,133.974014282227,210.706069946289,163.437759399414,253.945053100586,143.087387084961,971.181457519531,256.462249755859,-8.03843975067139,549.299560546875,225.187576293945,-223.308471679688,193.117691040039,92.5840759277344,352.106109619141,102.37377166748,236.75407409668,-131.346069335938,59.2564735412598,186.664154052734,288.344543457031,1508.18286132812,183.723602294922,264.526916503906,1340.77575683594
92,0.92,185.273132324219,170.983963012695,982.114807128906,191.203231811523,213.27229309082,1110.4658203125,109.461090087891,313.290405273438,580.703735351562,117.724868774414,170.775863647461,985.513732910156,136.894897460938,268.359344482422,159.862899780273,252.821350097656,171.192047119141,978.715576171875,257.260803222656,4.74039268493652,560.42138671875,226.886535644531,-209.632278442383,201.838607788086,98.3191604614258,413.811798095703,107.029258728027,238.349639892578,-125.075202941895,63.1721229553223,184.467239379883,313.973114013672,1516.7705078125,182.633071899414,291.504974365234,1349.70617675781
93,0.93,184.446655273438,198.889114379883,989.654235839844,191.474822998047,241.958709716797,1117.68969726562,109.839500427246,336.706695556641,584.124572753906,116.93399810791,198.535278320312,993.689208984375,139.563369750977,325.029327392578,157.771560668945,251.959259033203,199.242950439453,985.619079589844,257.921173095703,19.5559978485107,570.867614746094,228.427368164062,-195.469940185547,211.057632446289,103.696075439453,473.806182861328,112.883895874023,239.856369018555,-117.794609069824,68.4195861816406,182.322341918945,339.62060546875,1524.39697265625,181.62419128418,318.310333251953,1357.70935058594
94,0.94,183.939605712891,226.731033325195,996.262878417969,191.761672973633,270.503051757812,1124.013671875,110.238922119141,360.73291015625,586.523559570312,116.456550598145,226.28596496582,1000.75793457031,141.976211547852,380.16357421875,157.139541625977,251.422576904297,227.176040649414,991.767822265625,258.319610595703,36.6277961730957,580.281005859375,229.820602416992,-181.054962158203,220.756790161133,108.492050170898,531.52587890625,119.66682434082,241.20068359375,-109.502227783203,74.9473342895508,180.227600097656,365.276519775391,1530.95300292969,180.702545166016,344.918518066406,1364.64807128906
95,0.95,183.784164428711,254.46989440918,1001.81927490234,192.075500488281,298.828247070312,1129.33801269531,110.628082275391,385.636016845703,588.017211914062,116.319869995117,253.989868164062,1006.58355712891,144.140426635742,433.153228759766,157.823104858398,251.248443603516,254.949844360352,997.054443359375,258.400360107422,56.0299606323242,588.378967285156,231.081573486328,-166.569152832031,230.915588378906,112.549865722656,586.402648925781,126.959411621094,242.342422485352,-100.265647888184,82.6363525390625,178.181182861328,390.931518554688,1536.37060546875,179.869888305664,371.319885253906,1370.42797851562
96,0.96,183.98371887207,282.084014892578,1006.22961425781,192.419509887695,326.877563476562,1133.58679199219,110.945495605469,411.526550292969,588.724365234375,116.524765014648,281.622894287109,1011.07135009766,146.067901611328,483.371856689453,159.53857421875,251.442611694336,282.545135498047,1001.38781738281,258.182312011719,77.6871719360352,594.976440429688,232.232177734375,-152.090484619141,241.493804931641,115.798919677734,637.897644042969,134.211395263672,243.292129516602,-90.1927337646484,91.30712890625,176.181900024414,416.577758789062,1540.61804199219,179.123458862305,397.515594482422,1374.99487304688
97,0.97,184.512496948242,309.568969726562,1009.43017578125,192.788436889648,354.616027832031,1136.70837402344,111.138916015625,438.3369140625,588.747375488281,117.045738220215,309.174560546875,1014.16790771484,147.776794433594,530.227416992188,161.866546630859,251.979202270508,309.963317871094,1004.69232177734,257.745025634766,101.394584655762,599.985900878906,233.304748535156,-137.561279296875,252.41357421875,118.265357971191,685.535400390625,140.785430908203,244.115509033203,-79.3889617919922,100.727058410645,174.230117797852,442.208770751953,1543.68957519531,178.455856323242,423.516265869141,1378.32849121094
98,0.98,185.319458007812,336.9345703125,1011.38293457031,193.170394897461,382.029815673828,1138.6708984375,111.214477539062,465.8564453125,588.160400390625,117.834259033203,336.646881103516,1015.85864257812,149.293975830078,573.221496582031,164.287002563477,252.804580688477,337.222137451172,1006.9072265625,257.204010009766,126.866149902344,603.392272949219,234.343200683594,-122.787002563477,263.545013427734,120.067459106445,728.939514160156,146.022033691406,244.926162719727,-67.9141998291016,110.618003845215,172.328475952148,467.819458007812,1545.59594726562,177.856216430664,449.339294433594,1380.43347167969
99,0.99,186.333068847656,364.201477050781,1012.07330322266,193.549514770508,409.124114990234,1139.45983886719,111.257133483887,493.816436767578,587.007934570312,118.822883605957,364.052154541016,1016.16143798828,150.653274536133,611.999877929688,166.241714477539,253.843246459961,364.350830078125,1007.98474121094,256.684661865234,153.802947998047,605.212890625,235.399124145508,-107.461982727051,274.696685791016,121.39640045166,767.863525390625,149.315139770508,245.871292114258,-55.7514266967773,120.664070129395,170.482131958008,493.406127929688,1546.35595703125,177.311187744141,475.005798339844,1381.33068847656
100,1,187.468536376953,391.396484375,1011.50451660156,193.908813476562,435.919403076172,1139.07287597656,111.402076721191,521.974792480469,585.307250976562,119.931243896484,391.409362792969,1015.12048339844,151.890060424805,646.376647949219,167.208160400391,255.005828857422,391.383575439453,1007.88854980469,256.299652099609,181.9580078125,605.460815429688,236.52214050293,-91.2141723632812,285.614776611328,122.487396240234,802.202453613281,150.187118530273,247.113510131836,-42.7963905334473,130.523727416992,168.698745727539,518.965942382812,1545.98742675781,176.806930541992,500.539154052734,1381.0458984375
101,1.01,188.63606262207,418.546142578125,1009.69573974609,194.232788085938,462.445098876953,1137.51977539062,111.779769897461,550.152099609375,583.0478515625,121.073501586914,418.739227294922,1012.79809570312,153.038619995117,676.323486328125,166.765670776367,256.198608398438,418.352905273438,1006.59332275391,256.129302978516,211.170227050781,604.128662109375,237.748962402344,-73.6624298095703,295.996734619141,123.589233398438,831.982849121094,148.358093261719,248.81037902832,-28.8709945678711,139.852325439453,166.988159179688,544.497619628906,1544.50671386719,176.330978393555,525.963073730469,1379.60681152344
102,1.02,189.748947143555,445.670654296875,1006.67694091797,194.509658813477,488.734008789062,1134.81872558594,112.472648620605,578.220031738281,580.190185546875,122.165634155273,446.058319091797,1009.26721191406,154.136001586914,701.933959960938,164.641784667969,257.332214355469,445.282928466797,1004.08624267578,256.211090087891,241.358932495117,601.194763183594,239.097076416016,-54.4747352600098,305.521362304688,124.937194824219,857.333374023438,143.79914855957,251.093383789062,-13.7538356781006,148.334884643555,165.362152099609,570.000183105469,1541.92395019531,175.874237060547,551.299011230469,1377.03491210938
103,1.03,190.730392456055,472.778564453125,1002.48846435547,194.731719970703,514.817016601562,1130.99609375,113.50048828125,606.073669433594,576.669555664062,123.132171630859,473.373138427734,1004.60791015625,155.227554321289,723.383850097656,160.736663818359,258.328552246094,472.183868408203,1000.36859130859,256.544555664062,272.490783691406,596.644897460938,240.566467285156,-33.4125518798828,313.88916015625,126.728477478027,878.460266113281,136.757431030273,254.050369262695,2.78526210784912,155.719604492188,163.833541870117,595.473999023438,1538.25036621094,175.432098388672,576.566284179688,1373.34985351562
104,1.04,191.519348144531,499.861114501953,997.182373046875,194.89501953125,540.717895507812,1126.08837890625,114.82820892334,633.616516113281,572.41015625,123.912124633789,500.674499511719,998.903564453125,156.36865234375,740.900146484375,155.128051757812,259.126586914062,499.047607421875,995.4609375,257.111083984375,304.543365478516,590.494506835938,242.146514892578,-10.3521518707275,320.861419677734,129.100296020508,895.633117675781,127.740310668945,257.713195800781,20.9606533050537,161.842926025391,162.416137695312,620.920166015625,1533.5,175.005783081055,601.781066894531,1368.5703125
105,1.05,192.073684692383,526.88916015625,990.824829101562,194.99821472168,566.450805664062,1120.14538574219,116.384384155273,660.761840820312,567.34619140625,124.462577819824,527.93310546875,992.242370605469,157.619720458984,754.745178222656,148.059188842773,259.684814453125,525.844970703125,989.406982421875,257.898498535156,337.482055664062,582.804931640625,243.821395874023,14.7201242446899,326.290161132812,132.113967895508,909.176147460938,117.457916259766,262.05126953125,40.9643974304199,166.638641357422,161.124008178711,646.339599609375,1527.69982910156,174.60173034668,626.956115722656,1362.72290039062
106,1.06,192.370590209961,553.811401367188,983.500610351562,195.040664672852,592.016845703125,1113.23376464844,118.08283996582,687.445434570312,561.446838378906,124.759803771973,555.097473144531,984.720642089844,159.033828735352,765.216491699219,139.912094116211,259.981384277344,552.525329589844,982.280334472656,258.917510986328,371.251678466797,573.691772460938,245.569595336914,41.7358894348145,330.129058837891,135.744430541992,919.464416503906,106.728965759277,266.970947265625,62.9746932983398,170.127182006836,159.971160888672,671.731750488281,1520.89880371094,174.229370117188,652.099243164062,1355.85131835938
107,1.07,192.405578613281,580.555847167969,975.318420410156,195.020538330078,617.404907226562,1105.44445800781,119.843414306641,713.634521484375,554.735778808594,124.798469543457,582.093200683594,976.448364257812,160.641082763672,772.657470703125,131.166839599609,260.0126953125,579.0185546875,974.188293457031,260.201629638672,405.777862548828,563.331237792969,247.361099243164,70.5852737426758,332.42626953125,139.877059936523,926.90966796875,96.3672027587891,272.321899414062,87.168212890625,172.389846801758,158.971420288086,697.094604492188,1513.17663574219,173.899475097656,677.2138671875,1348.02624511719
108,1.08,192.18864440918,607.03369140625,966.416320800781,194.93440246582,642.591552734375,1096.8984375,121.607292175293,739.3203125,547.301818847656,124.588020324707,608.827270507812,967.55615234375,162.434219360352,777.471496582031,122.348724365234,259.789276123047,605.239868164062,965.276306152344,261.793304443359,440.975463867188,551.961730957031,249.157180786133,101.158004760742,333.301391601562,144.313018798828,931.948059082031,87.0706176757812,277.910217285156,113.724365234375,173.535827636719,158.137603759766,722.42236328125,1504.6513671875,173.620834350586,702.29638671875,1339.35485839844
109,1.09,191.741348266602,633.146911621094,956.965393066406,194.775741577148,667.543640136719,1087.751953125,123.34049987793,764.49609375,539.297180175781,124.149604797363,635.1953125,958.200439453125,164.362167358398,780.130676269531,113.967895507812,259.333038330078,631.098449707031,955.730102539062,263.722564697266,476.762939453125,539.880737304688,250.915466308594,133.375091552734,332.913421630859,148.787643432617,935.029296875,79.3298034667969,283.519226074219,142.814987182617,173.672790527344,157.481506347656,747.704833984375,1495.48388671875,173.399505615234,727.333190917969,1329.98779296875
110,1.1,191.09228515625,658.799682617188,947.171447753906,194.535675048828,692.224060058594,1078.19982910156,125.022933959961,789.122192382812,530.924438476562,123.511520385742,661.092529296875,948.567749023438,166.335754394531,781.168151855469,106.458885192871,258.672973632812,656.5068359375,945.774841308594,265.986328125,513.087463378906,527.432861328125,252.598083496094,167.205184936523,331.425537109375,153.008193969727,936.615051269531,73.3745346069336,288.937866210938,174.58251953125,172.886291503906,157.012908935547,772.928405761719,1485.88122558594,173.237686157227,752.301452636719,1320.12561035156
111,1.11,190.274536132812,683.910400390625,937.274291992188,194.203628540039,716.598388671875,1068.474609375,126.628456115723,813.099243164062,522.41455078125,122.70630645752,686.427551269531,938.875610351562,168.246383666992,781.141174316406,100.132209777832,257.842681884766,681.393310546875,935.672729492188,268.536376953125,549.9501953125,514.991577148438,254.17790222168,202.662338256836,328.975189208984,156.711029052734,937.169372558594,69.1795425415039,293.988800048828,209.11637878418,171.231292724609,156.739303588867,798.075500488281,1476.09130859375,173.136352539062,777.167358398438,1310.01647949219
112,1.12,189.324249267578,708.424987792969,927.542419433594,193.769302368164,740.642333984375,1058.84252929688,128.109252929688,836.259948730469,514.003662109375,121.769233703613,711.135925292969,929.369140625,169.987182617188,780.570434570312,95.1510314941406,256.879180908203,705.7138671875,925.715698242188,271.275665283203,587.422241210938,502.938995361328,255.638778686523,239.788101196289,325.654327392578,159.715301513672,937.129455566406,66.5203399658203,298.55029296875,246.437942504883,168.73371887207,156.66487121582,823.1259765625,1466.396484375,173.096145629883,801.888305664062,1299.951171875
113,1.13,188.27978515625,732.326416015625,918.264587402344,193.223266601562,764.348205566406,1049.59484863281,129.394332885742,858.381530761719,505.90966796875,120.737525939941,735.191040039062,920.313232421875,171.467056274414,779.878784179688,91.5394439697266,255.822067260742,729.461608886719,916.215698242188,274.064666748047,625.629211425781,491.652404785156,256.969543457031,278.622650146484,321.506805419922,161.948928833008,936.86279296875,65.0559387207031,302.563354492188,286.500946044922,165.401611328125,156.790191650391,848.059997558594,1457.10034179688,173.120376586914,826.418884277344,1290.25109863281
114,1.14,187.181213378906,755.641235351562,909.7353515625,192.559173583984,787.730224609375,1041.03210449219,130.403823852539,879.215942382812,498.318664550781,119.649726867676,758.610656738281,911.980529785156,172.616317749023,779.359313964844,89.2180938720703,254.712707519531,752.671569824219,907.489868164062,276.733612060547,664.708435058594,481.494842529297,258.156158447266,319.174468994141,316.543182373047,163.442932128906,936.637390136719,64.4104614257812,306.020721435547,329.206329345703,161.24333190918,157.11164855957,872.860656738281,1448.51293945312,173.21598815918,850.719177246094,1281.25158691406
115,1.15,186.068054199219,778.438781738281,902.239501953125,191.774642944336,810.824829101562,1033.44946289062,131.070449829102,898.531311035156,491.383239746094,118.543960571289,781.457885742188,904.636047363281,173.388717651367,779.175720214844,88.0532302856445,253.592132568359,775.419677734375,899.8427734375,279.102600097656,704.74755859375,472.808563232422,259.177520751953,361.399139404297,310.766479492188,164.304351806641,936.61181640625,64.2364730834961,308.943878173828,374.423675537109,156.288726806641,157.621337890625,897.516784667969,1440.93139648438,173.394348144531,874.763549804688,1273.27954101562
116,1.16,184.976898193359,800.82763671875,896.033996582031,190.871139526367,833.69091796875,1027.11694335938,131.358215332031,916.156677246094,485.234802246094,117.455642700195,803.838134765625,898.520446777344,173.762680053711,779.387756347656,87.9000396728516,252.498092651367,797.816955566406,893.547241210938,281.004486083984,745.733459472656,465.904602050781,260.006072998047,405.194763183594,304.195373535156,164.679138183594,936.849548339844,64.2518157958984,311.358306884766,422.013671875,150.605773925781,158.307998657227,922.025695800781,1434.62683105469,173.668594360352,898.549743652344,1266.63439941406
117,1.17,183.93782043457,822.947082519531,891.331115722656,189.853210449219,856.40625,1022.26220703125,131.269500732422,932.017944335938,479.998443603516,116.414321899414,825.892395019531,893.834594726562,173.741577148438,779.994750976562,88.6278076171875,251.461273193359,820.001525878906,888.82763671875,282.304168701172,787.528015136719,461.046661376953,260.610565185547,450.414001464844,296.875762939453,164.716369628906,937.348449707031,64.2499160766602,313.276306152344,471.839782714844,144.307891845703,159.157592773438,946.396118164062,1429.82275390625,174.05078125,922.107727050781,1261.560546875
118,1.18,182.971420288086,844.956481933594,888.286437988281,188.727676391602,879.064819335938,1019.05694580078,130.840682983398,946.150573730469,475.801086425781,115.44068145752,847.786743164062,890.726379394531,173.349319458008,780.975463867188,90.1278228759766,250.502105712891,842.126037597656,885.84619140625,282.908355712891,829.874084472656,458.431671142578,260.958618164062,496.887603759766,288.876831054688,164.543563842773,938.075988769531,64.0928649902344,314.68994140625,523.771789550781,137.549713134766,160.154556274414,970.647644042969,1426.68823242188,174.546524047852,945.500915527344,1258.23645019531
119,1.19,182.087509155273,867.021057128906,886.989135742188,187.5029296875,901.770874023438,1017.60534667969,130.131622314453,958.687866210938,472.769439697266,114.545440673828,869.698486328125,889.283081054688,172.62092590332,782.320922851562,92.311279296875,249.629577636719,864.343627929688,884.695068359375,282.769622802734,872.419616699219,458.169403076172,261.018035888672,544.450378417969,280.27880859375,164.255554199219,938.995849609375,63.6942825317383,315.56982421875,577.680297851562,130.513732910156,161.282379150391,994.809448242188,1425.32556152344,175.152069091797,968.825012207031,1256.76110839844
120,1.2,181.28678894043,889.298706054688,887.46044921875,186.188491821289,924.633972167969,1017.93969726562,129.212677001953,969.829162597656,471.019226074219,113.730651855469,891.801635742188,889.526672363281,171.591293334961,784.049194335938,95.1052627563477,248.842864990234,886.795593261719,885.394226074219,281.886596679688,914.747985839844,460.264495849609,260.758148193359,592.962707519531,271.160980224609,163.911422729492,940.082153320312,63.0010223388672,315.8662109375,633.430419921875,123.393699645996,162.523681640625,1018.91687011719,1425.77062988281,175.851440429688,992.198669433594,1257.15563964844
121,1.21,180.564590454102,911.926208496094,889.655456542969,184.796142578125,947.759521484375,1020.02227783203,128.152130126953,979.805236816406,470.641479492188,112.993515014648,914.252502441406,891.415649414062,170.286773681641,786.2109375,98.4495391845703,248.135665893555,909.599670410156,887.895202636719,280.302825927734,956.412353515625,464.603424072266,260.151550292969,642.324279785156,261.595153808594,163.536743164062,941.324584960938,61.978343963623,315.510040283203,690.879272460938,116.379577636719,163.860076904297,1043.00744628906,1427.99438476562,176.620071411133,1015.74938964844,1259.3701171875
122,1.22,179.91569519043,935.012878417969,893.469665527344,183.3408203125,971.243835449219,1023.75036621094,127.004577636719,988.848449707031,471.689605712891,112.330513000488,937.180419921875,894.850219726562,168.720993041992,788.889038085938,102.294158935547,247.500885009766,932.845031738281,892.089172363281,278.104156494141,996.969665527344,470.953002929688,259.175903320312,692.482055664062,251.646255493164,163.127197265625,942.727111816406,60.5988960266113,314.417144775391,749.877624511719,109.646781921387,165.272079467773,1067.11779785156,1431.90417480469,177.428924560547,1039.59692382812,1263.28894042969
123,1.23,179.337814331055,958.634704589844,898.749450683594,181.841491699219,995.166198730469,1028.96704101562,125.802742004395,997.175048828125,474.172302246094,111.741134643555,960.680419921875,899.681884765625,166.89518737793,792.193420410156,106.597808837891,246.934432983398,956.588928222656,897.817077636719,275.4130859375,1036.0166015625,478.974395751953,257.814270019531,743.4267578125,241.382888793945,162.653442382812,944.302612304688,58.8406944274902,312.492736816406,810.276000976562,103.356941223145,166.739120483398,1091.27954101562,1437.35290527344,178.253082275391,1063.83679199219,1268.74743652344
124,1.24,178.833267211914,982.833129882812,905.302612304688,180.321960449219,1019.58386230469,1035.47424316406,124.554862976074,1004.97698974609,478.052978515625,111.229415893555,984.809875488281,905.724304199219,164.802505493164,796.24951171875,111.327507019043,246.437057495117,980.8564453125,904.880676269531,272.381439208984,1073.22180175781,488.251342773438,256.053985595703,795.181701660156,230.891220092773,162.065567016602,946.062377929688,56.6963882446289,309.640197753906,871.923889160156,97.6663284301758,168.240249633789,1115.51696777344,1444.14294433594,179.076965332031,1088.52551269531,1275.5380859375
125,1.25,178.407775878906,1007.61541748047,912.908630371094,178.80924987793,1044.52868652344,1043.0419921875,123.248649597168,1012.42553710938,483.254150390625,110.802642822266,1009.58801269531,912.764282226562,162.435516357422,801.182189941406,116.459587097168,246.012847900391,1005.64276123047,913.052734375,269.181488037109,1108.35119628906,498.326812744141,253.883422851562,847.785827636719,220.287734985352,161.298416137695,948.007202148438,54.193733215332,305.776214599609,934.662658691406,92.7366714477539,169.754257202148,1139.84777832031,1452.03662109375,179.895935058594,1113.67651367188,1283.42468261719
126,1.26,178.067123413086,1032.95703125,921.329040527344,177.331161499023,1070.00549316406,1051.42260742188,121.860282897949,1019.68170166016,489.664764404297,110.468070983887,1034.99694824219,920.572326660156,159.79524230957,807.09326171875,121.982948303223,245.666122436523,1030.9169921875,922.08544921875,265.993133544922,1141.2880859375,508.741394042969,251.28955078125,901.276062011719,209.723999023438,160.278930664062,950.122802734375,51.4263534545898,300.849182128906,998.311462402344,88.7376556396484,171.260513305664,1164.27990722656,1460.76611328125,180.713424682617,1139.25610351562,1292.150390625
127,1.27,177.812072753906,1058.80578613281,930.314819335938,175.913146972656,1095.99267578125,1060.35705566406,120.365814208984,1026.91125488281,497.145782470703,110.227737426758,1060.98583984375,928.911437988281,156.900726318359,814.039367675781,127.902420043945,245.396362304688,1056.62573242188,931.718200683594,262.988586425781,1172.04028320312,519.065734863281,248.256439208984,955.673583984375,199.384429931641,158.936065673828,952.387268066406,48.5825233459473,294.859497070312,1062.65515136719,85.8378448486328,172.739608764648,1188.81481933594,1470.0439453125,181.533599853516,1165.19372558594,1301.44384765625
128,1.28,177.633605957031,1085.08874511719,939.614318847656,174.574645996094,1122.44604492188,1069.58569335938,118.751815795898,1034.30261230469,505.533203125,110.073425292969,1087.47705078125,937.544555664062,153.797225952148,822.013000488281,134.240905761719,245.193710327148,1082.69982910156,941.683837890625,260.308471679688,1200.74560546875,528.926635742188,244.765518188477,1010.97631835938,189.479019165039,157.214645385742,954.793273925781,45.9592018127441,287.876708984375,1127.4423828125,84.1848754882812,174.173828125,1213.44567871094,1479.57592773438,182.354614257812,1191.39233398438,1311.02819824219
129,1.29,177.509521484375,1111.71716308594,948.977844238281,173.326461791992,1149.30102539062,1078.8525390625,117.023002624512,1042.07727050781,514.6376953125,109.983085632324,1114.37365722656,946.241149902344,150.560211181641,830.930847167969,141.038467407227,245.035888671875,1109.06005859375,951.71435546875,258.035125732422,1227.66320800781,538.021362304688,240.794418334961,1067.15380859375,180.237213134766,155.091583251953,957.378295898438,43.9486389160156,280.048583984375,1192.39379882812,83.8846740722656,175.547988891602,1238.15881347656,1489.07287597656,183.164215087891,1217.74328613281,1320.62768554688
130,1.3,177.403518676758,1138.59643554688,958.164184570312,172.169692993164,1176.47985839844,1087.91357421875,115.206436157227,1050.49475097656,524.24169921875,109.919548034668,1141.568359375,954.781494140625,147.291488647461,840.638427734375,148.345611572266,244.887496948242,1135.6240234375,961.546630859375,256.169189453125,1253.15380859375,546.12353515625,236.316986083984,1124.13171386719,171.908599853516,152.58821105957,960.249389648438,42.9839515686035,271.598022460938,1257.21337890625,84.9933471679688,176.850021362305,1262.93725585938,1498.26342773438,183.93879699707,1244.14404296875,1329.97827148438
131,1.31,177.267578125,1165.63220214844,966.944885253906,171.096939086914,1203.89489746094,1096.54187011719,113.351783752441,1059.84411621094,534.098815917969,109.83260345459,1168.95190429688,962.96142578125,144.106063842773,850.927124023438,156.213973999023,244.702545166016,1162.31262207031,970.928161621094,254.615463256836,1277.65441894531,553.080688476562,231.309036254883,1181.76098632812,164.76139831543,149.769195556641,963.577514648438,43.4587554931641,262.808990478516,1321.58581542969,87.5178909301758,178.071655273438,1287.759765625,1506.90380859375,184.645233154297,1270.50561523438,1338.83581542969
132,1.32,177.047012329102,1192.7392578125,975.108520507812,170.094741821289,1231.45544433594,1104.53100585938,111.527145385742,1070.42724609375,543.936401367188,109.664367675781,1196.42260742188,970.5947265625,141.112045288086,861.565246582031,164.685134887695,244.429641723633,1189.05541992188,979.622009277344,253.191680908203,1301.64770507812,558.809631347656,225.767303466797,1239.77587890625,159.067276000977,146.72102355957,967.557189941406,45.6466178894043,254.00471496582,1385.15698242188,91.4161376953125,179.208847045898,1312.60424804688,1514.78601074219,185.247512817383,1296.75988769531,1346.9853515625
133,1.33,176.687286376953,1219.84533691406,982.46484375,169.146942138672,1259.07043457031,1111.701171875,109.810020446777,1082.53381347656,553.464782714844,109.356101989746,1223.89306640625,977.515808105469,138.389465332031,872.336242675781,173.780044555664,244.018402099609,1215.79711914062,987.41357421875,251.661743164062,1325.63940429688,563.293640136719,219.738265991211,1297.75561523438,155.060104370117,143.51513671875,972.348388671875,49.6541748046875,245.523483276367,1447.50378417969,96.5768051147461,180.261444091797,1337.44738769531,1521.74426269531,185.712432861328,1322.85876464844,1354.24829101562
134,1.34,176.141510009766,1246.89611816406,988.848449707031,168.238677978516,1286.654296875,1117.90002441406,108.274215698242,1096.41162109375,562.392944335938,108.856452941895,1251.29431152344,983.581420898438,135.975601196289,883.075317382812,183.491592407227,243.426559448242,1242.49792480469,994.115173339844,249.801116943359,1350.13000488281,566.579650878906,213.343368530273,1355.11767578125,152.873580932617,140.179275512695,978.031921386719,55.4232215881348,237.691864013672,1508.11303710938,102.780364990234,181.233001708984,1362.27014160156,1527.65502929688,186.015640258789,1348.7734375,1360.48449707031
135,1.35,175.376342773438,1273.85681152344,994.121398925781,167.358428955078,1314.13073730469,1123.005859375,106.975173950195,1112.24194335938,570.445495605469,108.12769317627,1278.5771484375,988.671508789062,133.859481811523,893.702331542969,193.777954101562,242.624938964844,1269.13610839844,999.571166992188,247.485321044922,1375.56677246094,568.769958496094,206.783767700195,1411.13891601562,152.477264404297,136.689331054688,984.601623535156,62.7617607116699,230.791610717773,1566.38110351562,109.660675048828,182.129318237305,1387.05346679688,1532.43640136719,186.144348144531,1374.48706054688,1365.59338378906
136,1.36,174.375732421875,1300.70910644531,998.174926757812,166.498947143555,1341.43298339844,1126.92663574219,105.937515258789,1130.1240234375,577.378845214844,107.150459289551,1305.71203613281,992.688598632812,131.986129760742,904.24267578125,204.558792114258,241.600952148438,1295.7060546875,1003.66101074219,244.771545410156,1402.24609375,569.996337890625,200.314590454102,1464.99633789062,153.630783081055,132.985870361328,991.988952636719,71.3840026855469,225.014923095703,1621.63391113281,116.693969726562,182.957260131836,1411.78503417969,1536.04211425781,186.09831237793,1399.99609375,1369.50952148438
137,1.37,173.141586303711,1327.45104980469,1000.93054199219,165.656143188477,1368.50939941406,1129.59912109375,105.14811706543,1150.07336425781,582.990478515625,105.924713134766,1332.68530273438,995.558776855469,130.266906738281,914.834350585938,215.712173461914,240.358413696289,1322.21618652344,1006.30224609375,241.895217895508,1430.19506835938,570.377990722656,194.186935424805,1515.82751464844,155.872512817383,129.000442504883,1000.10382080078,80.9404067993164,220.419311523438,1673.16784667969,123.228164672852,183.723297119141,1436.45458984375,1538.45434570312,185.8876953125,1425.3046875,1372.19738769531
138,1.38,171.692565917969,1354.08959960938,1002.33972167969,164.82731628418,1395.32043457031,1130.98779296875,104.555046081543,1172.03625488281,587.1201171875,104.468818664551,1359.49487304688,997.229187011719,128.593826293945,925.717346191406,227.075271606445,238.916244506836,1348.68444824219,1007.4501953125,239.138336181641,1459.12084960938,569.981323242188,188.577194213867,1562.81591796875,158.556793212891,124.67822265625,1008.875,91.0408325195312,216.901870727539,1720.31872558594,128.550598144531,184.432174682617,1461.05725097656,1539.67639160156,185.529113769531,1450.42517089844,1373.64514160156
139,1.39,170.060928344727,1380.63916015625,1002.38275146484,164.008712768555,1421.841796875,1131.08068847656,104.071830749512,1195.90795898438,589.646179199219,102.816474914551,1386.14440917969,997.6669921875,126.855834960938,937.203247070312,238.452178955078,237.305389404297,1375.13403320312,1007.09844970703,236.649459838867,1488.5361328125,568.816162109375,183.541763305664,1605.29711914062,160.944900512695,119.98983001709,1018.28143310547,101.284080505371,214.214492797852,1762.55432128906,131.977249145508,185.0859375,1485.59252929688,1539.72497558594,185.044067382812,1475.37548828125,1373.85925292969
140,1.4,168.289566040039,1407.11206054688,1001.06689453125,163.192825317383,1448.06042480469,1129.88745117188,103.585403442383,1221.55834960938,590.478698730469,101.013191223145,1412.63757324219,996.857421875,124.953155517578,949.637390136719,249.625915527344,235.565933227539,1401.58618164062,1005.27606201172,234.384033203125,1517.97338867188,566.863464355469,179.022445678711,1642.83142089844,162.328079223633,114.928253173828,1028.36889648438,111.29027557373,212.010711669922,1799.54370117188,132.95573425293,185.682998657227,1510.06188964844,1538.62280273438,184.453186035156,1500.17712402344,1372.85656738281
141,1.41,166.428726196289,1433.51428222656,998.424560546875,162.3681640625,1473.97216796875,1127.43664550781,102.966644287109,1248.84790039062,589.558410644531,99.1127853393555,1438.97338867188,994.802368164062,122.809394836426,963.357177734375,260.37646484375,233.744659423828,1428.0546875,1002.04681396484,232.191131591797,1547.11682128906,564.101928710938,174.886474609375,1675.21362304688,162.142349243164,109.501396179199,1039.25610351562,120.740676879883,209.903854370117,1831.17614746094,131.170700073242,186.217895507812,1534.47033691406,1536.39892578125,183.775848388672,1524.85510253906,1370.6650390625
142,1.42,164.533569335938,1459.84143066406,994.512573242188,161.518966674805,1499.57885742188,1123.77697753906,102.082359313965,1277.63562011719,586.859375,97.1741333007812,1465.1435546875,991.519775390625,120.378372192383,978.659423828125,270.497375488281,231.893005371094,1454.53930664062,997.505126953125,229.929992675781,1575.79040527344,560.514770507812,170.96891784668,1702.42736816406,160.046157836914,103.723403930664,1051.12805175781,129.405715942383,207.523696899414,1857.52978515625,126.628265380859,186.680953979492,1558.82373046875,1533.08447265625,183.026947021484,1549.43347167969,1367.31799316406
143,1.43,162.661331176758,1486.07495117188,989.410034179688,160.626876831055,1524.88549804688,1118.97509765625,100.807647705078,1307.78186035156,582.3984375,95.2578125,1491.12854003906,987.04541015625,117.645896911621,995.780639648438,279.810302734375,230.06477355957,1481.02087402344,991.7744140625,227.528793334961,1603.88818359375,556.091796875,167.104873657227,1724.59545898438,155.957885742188,97.6118621826172,1064.22277832031,137.156127929688,204.569839477539,1878.83752441406,119.687927246094,187.058624267578,1583.12768554688,1528.72021484375,182.216156005859,1573.93371582031,1362.86047363281
144,1.44,160.868759155273,1512.17846679688,983.22021484375,159.673965454102,1549.89318847656,1113.11865234375,99.0373382568359,1339.14782714844,576.246704101562,93.423210144043,1516.89831542969,981.436401367188,114.626441955566,1014.88909912109,288.172027587891,228.314300537109,1507.45825195312,985.003723144531,224.988357543945,1631.33203125,550.8427734375,163.157012939453,1741.94848632812,150.05940246582,91.1914215087891,1078.81982421875,143.951477050781,200.857040405273,1895.45617675781,111.022506713867,187.333831787109,1607.38732910156,1523.35974121094,181.346862792969,1598.37231445312,1357.35083007812
145,1.45,159.210433959961,1538.09851074219,976.071166992188,158.645553588867,1574.5986328125,1106.3203125,96.6964721679688,1371.59814453125,568.53955078125,91.7263793945312,1542.41027832031,974.776611328125,111.355812072754,1036.09155273438,295.474365234375,226.694427490234,1533.78637695312,977.365417480469,222.359512329102,1658.06994628906,544.819580078125,159.04280090332,1754.81640625,142.767990112305,84.5002746582031,1095.2197265625,149.808532714844,196.342529296875,1907.84143066406,101.514350891113,187.486877441406,1631.60327148438,1517.07836914062,180.415908813477,1622.75451660156,1350.86901855469
146,1.46,157.736755371094,1563.76513671875,968.1181640625,157.533615112305,1598.990234375,1098.71911621094,93.7497406005859,1405.00512695312,559.481872558594,90.2185592651367,1567.60986328125,967.18212890625,107.880905151367,1059.44494628906,301.638458251953,225.254898071289,1559.92028808594,969.054138183594,219.710250854492,1684.10107421875,538.14111328125,154.762588500977,1763.64318847656,134.680618286133,77.5965042114258,1113.72644042969,154.763412475586,191.137969970703,1916.52746582031,92.1023864746094,187.496368408203,1655.7724609375,1509.98022460938,179.41455078125,1647.07360839844,1343.52307128906
147,1.47,156.491455078125,1589.09619140625,959.546020507812,156.339050292969,1623.04821777344,1090.48376464844,90.2089309692383,1439.25463867188,549.348266601562,88.94384765625,1592.43310546875,958.807434082031,104.248596191406,1084.97094726562,306.606384277344,224.039077758789,1585.7587890625,960.284362792969,217.092742919922,1709.48254394531,531.001708984375,150.417892456055,1769.00329589844,126.490592956543,70.5606079101562,1134.62377929688,158.837493896484,185.500350952148,1922.10693359375,83.6166229248047,187.340560913086,1679.88659667969,1502.20349121094,178.329193115234,1671.30822753906,1335.45397949219
148,1.48,155.508728027344,1614.00341796875,950.568054199219,155.072570800781,1646.74523925781,1081.81298828125,86.1361389160156,1474.25524902344,538.475769042969,87.9368286132812,1616.81140136719,949.847961425781,100.496315002441,1112.66760253906,310.333343505859,223.08056640625,1611.19506835938,951.288146972656,214.52409362793,1734.29833984375,523.657043457031,146.208358764648,1771.61218261719,118.886940002441,63.4919166564941,1158.15368652344,162.017440795898,179.802093505859,1925.22082519531,76.6306304931641,186.998611450195,1703.93115234375,1493.92468261719,177.143585205078,1695.42126464844,1326.84240722656
149,1.49,154.808441162109,1638.40466308594,941.426513671875,153.753509521484,1670.05334472656,1072.93591308594,81.6408233642578,1509.94445800781,527.250305175781,87.2185211181641,1640.6806640625,940.541015625,96.6469650268555,1142.51623535156,312.782379150391,222.398361206055,1636.12817382812,942.311767578125,211.997497558594,1758.59411621094,516.389038085938,142.393646240234,1772.29516601562,112.449020385742,56.4995574951172,1184.50073242188,164.251525878906,174.463790893555,1926.55151367188,71.3854598999023,186.452041625977,1727.88562011719,1485.35729980469,175.841674804688,1719.36145019531,1317.90783691406
150,1.5,154.392150878906,1662.23400878906,932.385009765625,152.408172607422,1692.94873046875,1064.10485839844,76.8704681396484,1546.28942871094,516.08740234375,86.7920455932617,1663.9912109375,931.161254882812,92.7098617553711,1174.48168945312,313.922027587891,221.992263793945,1660.47631835938,933.608764648438,209.520065307617,1782.31433105469,509.462249755859,139.22526550293,1771.90063476562,107.559768676758,49.6901435852051,1213.78466796875,165.461608886719,169.862915039062,1926.79089355469,67.8086547851562,185.686447143555,1751.72387695312,1476.74353027344,174.411285400391,1743.06726074219,1308.9013671875
151,1.51,154.240127563477,1685.45153808594,923.72119140625,151.066436767578,1715.41918945312,1055.58984375,71.9955825805664,1583.2822265625,505.409118652344,86.6395645141602,1686.71594238281,922.010803222656,88.6866607666016,1208.51135253906,313.726684570312,221.840698242188,1684.1865234375,925.431457519531,207.148391723633,1805.27880859375,503.086791992188,136.879852294922,1771.17822265625,104.362098693848,43.1550674438477,1246.06091308594,165.561904907227,166.255004882812,1926.56396484375,65.6044540405273,184.693008422852,1775.41674804688,1468.3466796875,172.84716796875,1766.47729492188,1300.10034179688
152,1.52,154.310760498047,1708.05041503906,915.711120605469,149.759948730469,1737.46899414062,1047.6630859375,67.1920013427734,1620.92370605469,495.619110107422,86.7209320068359,1708.85791015625,913.403747558594,84.580207824707,1244.53210449219,312.179809570312,221.900604248047,1707.24230957031,918.018310546875,204.9970703125,1827.19982910156,497.394714355469,135.427978515625,1770.67224121094,102.773338317871,36.9620056152344,1281.32836914062,164.482604980469,163.732055664062,1926.34558105469,64.3749160766602,183.470062255859,1798.93347167969,1460.43640136719,171.15315246582,1789.53759765625,1291.79211425781
153,1.53,154.544296264648,1730.06030273438,908.614685058594,148.520126342773,1759.12219238281,1040.58642578125,62.6240882873535,1659.20239257812,487.080261230469,86.9764938354492,1730.45397949219,905.6474609375,80.4034881591797,1282.45007324219,309.279418945312,222.112030029297,1729.66662597656,911.581665039062,203.21240234375,1847.73156738281,492.437805175781,134.844451904297,1770.67016601562,102.554534912109,31.1526069641113,1319.53881835938,162.192123413086,162.219421386719,1926.4052734375,63.7355537414551,182.024368286133,1822.24670410156,1453.27294921875,169.343902587891,1812.21496582031,1284.25732421875
154,1.54,154.869995117188,1751.54553222656,902.658142089844,147.377136230469,1780.42321777344,1034.59521484375,58.4320030212402,1698.07006835938,480.095123291016,87.3338317871094,1751.57238769531,899.020751953125,76.1866226196289,1322.15197753906,305.044921875,222.406097412109,1751.51831054688,906.295532226562,201.920928955078,1866.54809570312,488.2138671875,135.037612915039,1771.23168945312,103.403366088867,25.7463684082031,1360.61071777344,158.714431762695,161.519500732422,1926.81799316406,63.3865165710449,180.371551513672,1845.33276367188,1447.0947265625,167.443450927734,1834.50244140625,1277.75402832031
155,1.55,155.216110229492,1772.59814453125,898.020812988281,146.359497070312,1801.43249511719,1029.88293457031,54.7243728637695,1737.42321777344,474.893524169922,87.717399597168,1772.30859375,893.754333496094,71.9793090820312,1363.51245117188,299.521545410156,222.714828491211,1772.88708496094,902.286987304688,201.177536010742,1883.43176269531,484.711090087891,135.872863769531,1772.27734375,105.029991149902,20.747220993042,1404.43432617188,154.137222290039,161.3857421875,1927.53002929688,63.131778717041,178.534973144531,1868.1767578125,1442.103515625,165.482833862305,1856.42810058594,1272.4990234375
156,1.56,155.520172119141,1793.32971191406,894.825439453125,145.492797851562,1822.22436523438,1026.59045410156,51.5761375427246,1777.09338378906,471.626892089844,88.0595092773438,1792.77514648438,890.017456054688,67.8492584228516,1406.40063476562,292.781402587891,222.98078918457,1793.8837890625,899.633483886719,200.936218261719,1898.33618164062,481.944122314453,137.188049316406,1773.68823242188,107.196212768555,16.1510200500488,1450.87878417969,148.61164855957,161.590789794922,1928.44262695312,62.8638191223145,176.543502807617,1890.77490234375,1438.45666503906,163.496337890625,1878.05444335938,1268.65600585938
